"ID","Gender","Age","Class","Major","Grad Intention","GPA","Employment","Salary","Social Networking","Satisfaction","Spending","Computer","Text Messages","Wealth"
1,"Female",20,"Sophomore","Other","Yes",2.88,"Full-Time",55,5,3,850,"Laptop",200,2
2,"Male",23,"Senior","Management","Yes",3.6,"Part-Time",30,4,4,860,"Desktop",50,10
3,"Male",21,"Freshman","Other","Yes",2.5,"Part-Time",50,2,4,1100,"Laptop",200,70
4,"Male",21,"Sophomore","Information Systems","Yes",2.5,"Full-Time",45,4,6,1100,"Tablet",NA,100
5,"Male",23,"Senior","Other","Undecided",2.8,"Unemployed",45,7,4,1000,"Laptop",100,1
6,"Female",26,"Senior","Economics/Finance","Undecided",2.34,"Unemployed",83,3,2,1200,"Desktop",0,5
7,"Female",21,"Junior","Other","Undecided",3,"Part-Time",55,3,3,1000,"Laptop",50,0.6
8,"Female",30,"Senior","Other","Undecided",3.1,"Full-Time",85,1,2,700,"Tablet",300,1
9,"Female",20,"Sophomore","Management","Yes",3.6,"Unemployed",35,0,4,1000,"Laptop",400,0.6
10,"Female",21,"Senior","Economics/Finance","Undecided",3.3,"Part-Time",42.5,11,4,700,"Laptop",NA,1
11,"Female",23,"Senior","Economics/Finance","Yes",2.8,"Full-Time",55,5,5,900,"Laptop",NA,30
12,"Male",22,"Senior","Economics/Finance","No",3.5,"Full-Time",42,4,3,1000,"Laptop",100,4
13,"Male",22,"Senior","Marketing","Undecided",3.4,"Part-Time",45,6,3,NA,"Desktop",45,0.7
14,"Male",22,"Senior","Marketing","Undecided",3.1,"Part-Time",45,1,3,900,"Laptop",150,2
15,"Male",21,"Senior","Management","Yes",3.2,"Part-Time",59,0,4,1100,"Laptop",400,6
16,"Male",24,"Senior","Management","Undecided",3.4,"Part-Time",50,4,4,1000,"Desktop",175,1.5
17,"Female",19,"Freshman","Information Systems","Undecided",3.68,"Part-Time",60,10,4,950,"Tablet",150,0.5
18,"Male",21,"Junior","Economics/Finance","Undecided",3.1,"Part-Time",60,2,3,1100,"Laptop",300,10
19,"Male",19,"Sophomore","Economics/Finance","Yes",3.5,"Part-Time",57,4,5,1000,"Laptop",300,2
20,"Female",20,"Sophomore","Management","Undecided",3.17,"Unemployed",65,12,6,800,"Laptop",350,0.4
21,"Female",22,"Junior","Marketing","Undecided",3.19,"Part-Time",60,11,3,1190,"Laptop",50,0.35
22,"Male",18,"Sophomore","Accounting","Undecided",2.95,"Unemployed",65,9,4,1100,"Laptop",500,10
23,"Female",22,"Senior","Marketing","Undecided",3,"Part-Time",60,0,4,800,"Laptop",NA,0.15
24,"Male",25,"Senior","Undecided","Yes",2.6,"Full-Time",50,8,5,900,"Laptop",600,1.5
25,"Female",20,"Junior","Economics/Finance","Yes",3,"Part-Time",60,7,3,1100,"Laptop",300,0.1
26,"Male",24,"Senior","Management","Yes",3.3,"Full-Time",65,0,1,NA,"Desktop",40,10
27,"Male",23,"Junior","Economics/Finance","Yes",3.1,"Full-Time",70,4,5,875,"Laptop",NA,2
28,"Female",20,"Freshman","Marketing","Yes",2.9,"Part-Time",55,13,1,1400,"Laptop",100,1
29,"Male",22,"Senior","Marketing","Yes",3.33,"Part-Time",60,9,6,1600,"Laptop",60,100
30,"Male",20,"Sophomore","Marketing","Undecided",3.1,"Part-Time",50,4,4,900,"Laptop",140,7
31,"Male",20,"Sophomore","Accounting","Undecided",3.4,"Part-Time",60,4,3,1000,"Laptop",500,5
32,"Male",20,"Junior","Other","Yes",2.9,"Part-Time",52,3,1,800,"Laptop",300,1.25
33,"Male",20,"Junior","Accounting","Yes",3.6,"Part-Time",40,6,4,700,"Laptop",70,0.75
34,"Male",22,"Senior","Marketing","Yes",2.57,"Full-Time",45,5,4,1550,"Laptop",800,0.85
35,"Female",19,"Sophomore","Marketing","Undecided",3.4,"Part-Time",45,4,5,1000,"Laptop",300,0.125
36,"Female",26,"Junior","Accounting","Yes",3.3,"Part-Time",65,2,4,NA,"Desktop",300,0.75
37,"Male",21,"Senior","Management","Yes",3.05,"Part-Time",45,3,4,1000,"Laptop",100,5
38,"Female",21,"Sophomore","Accounting","Yes",2.5,"Part-Time",65,2,3,1000,"Laptop",600,0.9
39,"Male",24,"Junior","Economics/Finance","Yes",2.75,"Part-Time",55,7,6,1100,"Desktop",50,1
40,"Male",19,"Freshman","Marketing","Yes",2.5,"Unemployed",55,15,5,800,"Laptop",100,1
41,"Male",22,"Junior","Accounting","Yes",3.2,"Full-Time",65,4,4,1180,"Desktop",200,0.5
42,"Female",20,"Junior","Marketing","No",3.3,"Part-Time",35,6,4,1100,"Laptop",350,1
43,"Female",22,"Senior","Marketing","Undecided",3.5,"Unemployed",45,5,5,800,"Laptop",50,6
44,"Female",27,"Senior","Marketing","No",3.9,"Full-Time",35,4,5,600,"Laptop",400,1
45,"Female",21,"Senior","Marketing","No",3,"Part-Time",35,6,5,1150,"Desktop",500,0.5
46,"Female",21,"Senior","Management","Undecided",3.82,"Part-Time",65,1,4,1150,"Laptop",150,1
47,"Female",20,"Junior","Marketing","Yes",3.5,"Unemployed",65,5,3,850,"Laptop",200,0.25
48,"Male",19,"Sophomore","Undecided","Undecided",2.5,"Part-Time",85,3,4,1000,"Desktop",150,3
49,"Female",21,"Senior","Economics/Finance","Yes",3.2,"Part-Time",52.5,2,4,720,"Laptop",105,1
50,"Female",23,"Sophomore","Economics/Finance","Undecided",3,"Part-Time",50,5,3,1020,"Laptop",105,0.7
51,"Female",21,"Junior","Management","No",3.5,"Unemployed",40,1,4,1100,"Tablet",100,1
52,"Male",23,"Senior","Management","No",3,"Part-Time",55,4,4,1000,"Laptop",200,5
53,"Female",21,"Senior","Marketing","Undecided",3.7,"Part-Time",45,3,4,800,"Laptop",700,10
54,"Male",21,"Junior","Marketing","No",3.4,"Part-Time",45,7,5,1000,"Laptop",300,0.5
55,"Male",21,"Senior","Other","Yes",3.4,"Part-Time",55,3,4,750,"Desktop",700,2.5
56,"Female",21,"Senior","Marketing","No",3.1,"Part-Time",55,3,1,800,"Desktop",300,3.5
57,"Female",21,"Senior","Marketing","Yes",3.4,"Part-Time",47,6,1,700,"Laptop",100,3.8
58,"Female",21,"Senior","Marketing","No",2.4,"Part-Time",45,4,3,1500,"Laptop",10,1
59,"Female",20,"Junior","Information Systems","No",2.9,"Part-Time",45,4,4,850,"Laptop",NA,0.1
60,"Female",20,"Sophomore","Information Systems","No",2.5,"Part-Time",60,7,4,1000,"Tablet",500,1
61,"Female",23,"Senior","Accounting","Yes",3.5,"Part-Time",35,6,3,990,"Laptop",50,1
62,"Female",23,"Senior","Economics/Finance","No",3.2,"Part-Time",75,2,3,750,"Laptop",0,2
63,"Male",24,"Junior","Economics/Finance","Yes",2.7,"Full-Time",70,6,6,570,"Tablet",100,1
64,"Male",23,"Junior","Economics/Finance","No",3.1,"Part-Time",65,9,4,650,"Laptop",200,10
65,"Male",18,"Freshman","Undecided","Yes",3.6,"Unemployed",55,12,4,NA,"Tablet",500,1
66,"Male",24,"Senior","Management","No",3.1,"Part-Time",50,4,4,800,"Laptop",0,0.9
67,"Male",23,"Sophomore","Marketing","No",2.2,"Unemployed",50,5,4,650,"Desktop",100,10
68,"Female",22,"Senior","Accounting","No",3.2,"Part-Time",60,4,5,800,"Laptop",100,1
69,"Female",25,"Senior","Marketing","Yes",2.8,"Full-Time",50,3,2,800,"Laptop",0,7.5
70,"Male",26,"Senior","Economics/Finance","Yes",3.7,"Part-Time",65,6,3,800,"Desktop",60,1
71,"Male",19,"Freshman","Economics/Finance","Undecided",2.6,"Unemployed",60,9,5,800,"Laptop",400,0.1
72,"Female",24,"Senior","Management","No",3.1,"Part-Time",55,4,4,1060,"Desktop",600,1
73,"Female",20,"Freshman","Accounting","Undecided",2.4,"Part-Time",60,8,5,800,"Laptop",5,1
74,"Male",23,"Junior","Information Systems","Undecided",3.6,"Part-Time",70,12,6,900,"Laptop",10,1
75,"Male",23,"Senior","Management","No",3.1,"Part-Time",55,5,6,800,"Laptop",0,10
76,"Female",28,"Senior","Economics/Finance","Yes",3.5,"Part-Time",75,4,6,NA,"Desktop",NA,5
77,"Male",25,"Senior","Management","No",2.5,"Full-Time",50,2,3,800,"Laptop",NA,0.5
78,"Male",24,"Senior","Economics/Finance","Undecided",3.4,"Part-Time",60,3,5,1175,"Laptop",60,50
79,"Female",21,"Sophomore","Undecided","Yes",3.3,"Part-Time",55,6,4,900,"Laptop",650,1
80,"Female",22,"Sophomore","Marketing","Undecided",3,"Part-Time",50,5,5,1000,"Laptop",200,1.5
81,"Female",19,"Freshman","Undecided","Undecided",2.8,"Unemployed",50,8,4,850,"Tablet",650,2
82,"Male",23,"Junior","Economics/Finance","Yes",3.6,"Part-Time",65,5,5,680,"Laptop",400,5
83,"Male",21,"Junior","Management","No",3,"Part-Time",45,4,6,700,"Laptop",20,10
84,"Male",24,"Senior","Information Systems","Undecided",3.3,"Part-Time",60,8,5,750,"Laptop",5,10
85,"Male",22,"Junior","Economics/Finance","Yes",3.7,"Part-Time",65,6,3,745,"Laptop",250,6
86,"Female",21,"Sophomore","Management","Undecided",2.8,"Part-Time",45,7,4,715,"Laptop",200,10
87,"Male",25,"Senior","Accounting","Yes",3.4,"Part-Time",55,2,4,850,"Desktop",NA,100
88,"Female",20,"Sophomore","Marketing","Undecided",3.1,"Unemployed",50,3,4,575,"Laptop",400,2
89,"Female",22,"Junior","Marketing","Undecided",2.9,"Part-Time",50,6,4,2000,"Laptop",2,5
90,"Female",23,"Sophomore","Economics/Finance","Yes",3.5,"Part-Time",60,4,5,750,"Laptop",500,1
91,"Male",27,"Junior","Marketing","Undecided",3.3,"Full-Time",55,4,5,800,"Laptop",75,10
92,"Male",22,"Junior","Management","Undecided",2.9,"Part-Time",50,4,4,670,"Laptop",50,0.1
93,"Female",26,"Senior","Economics/Finance","Yes",3.6,"Part-Time",65,3,5,700,"Desktop",100,5
94,"Female",30,"Senior","Accounting","Yes",3.8,"Full-Time",65,3,5,800,"Desktop",30,2
95,"Female",22,"Sophomore","Accounting","No",2.1,"Unemployed",60,9,4,730,"Laptop",50,50
96,"Male",19,"Freshman","Economics/Finance","No",2.8,"Part-Time",55,7,4,650,"Laptop",0,1
97,"Male",24,"Junior","Accounting","Undecided",3,"Full-Time",60,5,4,1700,"Laptop",300,1
98,"Female",20,"Sophomore","Economics/Finance","No",3.1,"Part-Time",60,6,5,800,"Laptop",1,5
99,"Male",19,"Freshman","Economics/Finance","Yes",3.8,"Unemployed",65,7,5,900,"Laptop",75,3
100,"Male",24,"Senior","Other","No",3.1,"Part-Time",50,3,7,900,"Desktop",100,20
101,"Female",22,"Junior","Management","Yes",3.2,"Part-Time",50,4,6,860,"Laptop",75,3
102,"Male",20,"Freshman","Marketing","No",2.7,"Part-Time",45,7,5,640,"Laptop",210,5
103,"Male",21,"Sophomore","Marketing","No",2.9,"Part-Time",40,5,5,1100,"Tablet",400,2.5
104,"Male",23,"Junior","Other","No",3,"Part-Time",45,6,5,800,"Laptop",210,10
105,"Female",24,"Senior","Other","No",3.2,"Part-Time",45,8,4,690,"Laptop",525,0.8
106,"Female",18,"Freshman","Management","No",2,"Unemployed",45,5,4,750,"Laptop",100,100
107,"Male",26,"Senior","Economics/Finance","No",2.9,"Full-Time",55,4,4,850,"Laptop",100,50
108,"Female",19,"Freshman","Undecided","Undecided",3.3,"Unemployed",50,7,3,800,"Tablet",750,20
109,"Female",21,"Sophomore","Undecided","Undecided",2.6,"Part-Time",45,5,4,800,"Laptop",500,50
110,"Male",18,"Freshman","Accounting","Undecided",3.6,"Part-Time",65,8,5,900,"Laptop",NA,100
111,"Female",21,"Sophomore","Accounting","No",3.4,"Part-Time",65,5,5,950,"Tablet",NA,75
