ID,Gender,Age,Class,Major,Grad Intention,GPA,Employment,Salary,Social Networking,Satisfaction,Spending,Computer,Text Messages,Wealth
2,Male,23,Senior,Management,Yes,3.6,Part-Time,30,4,4,860,Desktop,50,10
3,Male,21,Freshman,Other,Yes,2.5,Part-Time,50,2,4,1100,Laptop,200,70
4,Male,21,Sophomore,Information Systems,Yes,2.5,Full-Time,45,4,6,1100,Tablet,NA,100
5,Male,23,Senior,Other,Undecided,2.8,Unemployed,45,7,4,1000,Laptop,100,1
12,Male,22,Senior,Economics/Finance,No,3.5,Full-Time,42,4,3,1000,Laptop,100,4
13,Male,22,Senior,Marketing,Undecided,3.4,Part-Time,45,6,3,NA,Desktop,45,0.7
14,Male,22,Senior,Marketing,Undecided,3.1,Part-Time,45,1,3,900,Laptop,150,2
15,Male,21,Senior,Management,Yes,3.2,Part-Time,59,0,4,1100,Laptop,400,6
16,Male,24,Senior,Management,Undecided,3.4,Part-Time,50,4,4,1000,Desktop,175,1.5
18,Male,21,Junior,Economics/Finance,Undecided,3.1,Part-Time,60,2,3,1100,Laptop,300,10
19,Male,19,Sophomore,Economics/Finance,Yes,3.5,Part-Time,57,4,5,1000,Laptop,300,2
22,Male,18,Sophomore,Accounting,Undecided,2.95,Unemployed,65,9,4,1100,Laptop,500,10
24,Male,25,Senior,Undecided,Yes,2.6,Full-Time,50,8,5,900,Laptop,600,1.5
26,Male,24,Senior,Management,Yes,3.3,Full-Time,65,0,1,NA,Desktop,40,10
27,Male,23,Junior,Economics/Finance,Yes,3.1,Full-Time,70,4,5,875,Laptop,NA,2
29,Male,22,Senior,Marketing,Yes,3.33,Part-Time,60,9,6,1600,Laptop,60,100
30,Male,20,Sophomore,Marketing,Undecided,3.1,Part-Time,50,4,4,900,Laptop,140,7
31,Male,20,Sophomore,Accounting,Undecided,3.4,Part-Time,60,4,3,1000,Laptop,500,5
32,Male,20,Junior,Other,Yes,2.9,Part-Time,52,3,1,800,Laptop,300,1.25
33,Male,20,Junior,Accounting,Yes,3.6,Part-Time,40,6,4,700,Laptop,70,0.75
34,Male,22,Senior,Marketing,Yes,2.57,Full-Time,45,5,4,1550,Laptop,800,0.85
37,Male,21,Senior,Management,Yes,3.05,Part-Time,45,3,4,1000,Laptop,100,5
39,Male,24,Junior,Economics/Finance,Yes,2.75,Part-Time,55,7,6,1100,Desktop,50,1
40,Male,19,Freshman,Marketing,Yes,2.5,Unemployed,55,15,5,800,Laptop,100,1
41,Male,22,Junior,Accounting,Yes,3.2,Full-Time,65,4,4,1180,Desktop,200,0.5
48,Male,19,Sophomore,Undecided,Undecided,2.5,Part-Time,85,3,4,1000,Desktop,150,3
52,Male,23,Senior,Management,No,3,Part-Time,55,4,4,1000,Laptop,200,5
54,Male,21,Junior,Marketing,No,3.4,Part-Time,45,7,5,1000,Laptop,300,0.5
55,Male,21,Senior,Other,Yes,3.4,Part-Time,55,3,4,750,Desktop,700,2.5
63,Male,24,Junior,Economics/Finance,Yes,2.7,Full-Time,70,6,6,570,Tablet,100,1
64,Male,23,Junior,Economics/Finance,No,3.1,Part-Time,65,9,4,650,Laptop,200,10
65,Male,18,Freshman,Undecided,Yes,3.6,Unemployed,55,12,4,NA,Tablet,500,1
66,Male,24,Senior,Management,No,3.1,Part-Time,50,4,4,800,Laptop,0,0.9
67,Male,23,Sophomore,Marketing,No,2.2,Unemployed,50,5,4,650,Desktop,100,10
70,Male,26,Senior,Economics/Finance,Yes,3.7,Part-Time,65,6,3,800,Desktop,60,1
71,Male,19,Freshman,Economics/Finance,Undecided,2.6,Unemployed,60,9,5,800,Laptop,400,0.1
74,Male,23,Junior,Information Systems,Undecided,3.6,Part-Time,70,12,6,900,Laptop,10,1
75,Male,23,Senior,Management,No,3.1,Part-Time,55,5,6,800,Laptop,0,10
77,Male,25,Senior,Management,No,2.5,Full-Time,50,2,3,800,Laptop,NA,0.5
78,Male,24,Senior,Economics/Finance,Undecided,3.4,Part-Time,60,3,5,1175,Laptop,60,50
82,Male,23,Junior,Economics/Finance,Yes,3.6,Part-Time,65,5,5,680,Laptop,400,5
83,Male,21,Junior,Management,No,3,Part-Time,45,4,6,700,Laptop,20,10
84,Male,24,Senior,Information Systems,Undecided,3.3,Part-Time,60,8,5,750,Laptop,5,10
85,Male,22,Junior,Economics/Finance,Yes,3.7,Part-Time,65,6,3,745,Laptop,250,6
87,Male,25,Senior,Accounting,Yes,3.4,Part-Time,55,2,4,850,Desktop,NA,100
91,Male,27,Junior,Marketing,Undecided,3.3,Full-Time,55,4,5,800,Laptop,75,10
92,Male,22,Junior,Management,Undecided,2.9,Part-Time,50,4,4,670,Laptop,50,0.1
96,Male,19,Freshman,Economics/Finance,No,2.8,Part-Time,55,7,4,650,Laptop,0,1
97,Male,24,Junior,Accounting,Undecided,3,Full-Time,60,5,4,1700,Laptop,300,1
99,Male,19,Freshman,Economics/Finance,Yes,3.8,Unemployed,65,7,5,900,Laptop,75,3
100,Male,24,Senior,Other,No,3.1,Part-Time,50,3,7,900,Desktop,100,20
102,Male,20,Freshman,Marketing,No,2.7,Part-Time,45,7,5,640,Laptop,210,5
103,Male,21,Sophomore,Marketing,No,2.9,Part-Time,40,5,5,1100,Tablet,400,2.5
104,Male,23,Junior,Other,No,3,Part-Time,45,6,5,800,Laptop,210,10
107,Male,26,Senior,Economics/Finance,No,2.9,Full-Time,55,4,4,850,Laptop,100,50
110,Male,18,Freshman,Accounting,Undecided,3.6,Part-Time,65,8,5,900,Laptop,NA,100
