{"chunk_definitions":[{"row":12,"row_count":1,"visible":true,"expansion_state":0,"options":{"engine":"r","label":"setup","include":false,"dev":"png"},"document_id":"681963AE","chunk_id":"csetup_chunk","chunk_label":"setup"},{"row":30,"row_count":1,"visible":true,"expansion_state":0,"options":{"engine":"r","label":"load-data","dev":"png"},"document_id":"681963AE","chunk_id":"cj5oi5n1gcel6","chunk_label":"load-data"},{"row":40,"row_count":1,"visible":true,"expansion_state":0,"options":{},"document_id":"681963AE","chunk_id":"cvucnaq9prs5q","chunk_label":"visualize"}],"doc_write_time":1742457009,"working_dir":null,"default_chunk_options":{"echo":true}}