{"chunk_definitions":[{"row":44,"row_count":1,"visible":true,"expansion_state":0,"options":{"engine":"r","label":"unnamed-chunk-14","dev":"png"},"document_id":"666278FB","chunk_id":"ci44vai3s90t6","chunk_label":"unnamed-chunk-1"},{"row":52,"row_count":1,"visible":true,"expansion_state":0,"options":{"engine":"r","label":"unnamed-chunk-15","dev":"png"},"document_id":"666278FB","chunk_id":"cxmdpdw8a1pgo","chunk_label":"unnamed-chunk-2"},{"row":59,"row_count":1,"visible":true,"expansion_state":0,"options":{"engine":"r","label":"unnamed-chunk-16","dev":"png"},"document_id":"666278FB","chunk_id":"cg69giaxnuo08","chunk_label":"unnamed-chunk-3"},{"row":65,"row_count":1,"visible":true,"expansion_state":0,"options":{"engine":"r","label":"unnamed-chunk-17","dev":"png"},"document_id":"666278FB","chunk_id":"ct2a3rge6bm6g","chunk_label":"unnamed-chunk-4"},{"row":71,"row_count":1,"visible":true,"expansion_state":0,"options":{"engine":"r","label":"unnamed-chunk-18","dev":"png"},"document_id":"666278FB","chunk_id":"chdas15e0hdl0","chunk_label":"unnamed-chunk-5"},{"row":77,"row_count":1,"visible":true,"expansion_state":0,"options":{"engine":"r","label":"unnamed-chunk-19","dev":"png"},"document_id":"666278FB","chunk_id":"c33huuxw45qk9","chunk_label":"unnamed-chunk-6"},{"row":83,"row_count":1,"visible":true,"expansion_state":0,"options":{"engine":"r","label":"unnamed-chunk-20","dev":"png"},"document_id":"666278FB","chunk_id":"csh5etbk2w1dc","chunk_label":"unnamed-chunk-7"},{"row":92,"row_count":1,"visible":true,"expansion_state":0,"options":{"engine":"r","label":"unnamed-chunk-21","dev":"png"},"document_id":"666278FB","chunk_id":"cx5mdhzxtu4mw","chunk_label":"unnamed-chunk-8"},{"row":97,"row_count":1,"visible":true,"expansion_state":0,"options":{"engine":"r","label":"unnamed-chunk-22","dev":"png"},"document_id":"666278FB","chunk_id":"cn29my1d89vm0","chunk_label":"unnamed-chunk-9"},{"row":101,"row_count":1,"visible":true,"expansion_state":0,"options":{"engine":"r","label":"unnamed-chunk-23","dev":"png"},"document_id":"666278FB","chunk_id":"cz6wmeibpywdr","chunk_label":"unnamed-chunk-10"},{"row":106,"row_count":1,"visible":true,"expansion_state":0,"options":{"engine":"r","label":"unnamed-chunk-24","dev":"png"},"document_id":"666278FB","chunk_id":"csikzk1zzssu6","chunk_label":"unnamed-chunk-11"},{"row":130,"row_count":1,"visible":true,"expansion_state":0,"options":{"engine":"r","label":"unnamed-chunk-25","dev":"png"},"document_id":"666278FB","chunk_id":"cubvo1xf2a9ks","chunk_label":"unnamed-chunk-12"}],"doc_write_time":1742578670,"working_dir":null,"default_chunk_options":{"echo":true,"warning":false,"message":false},"chunk_rendered_width":700}