{"chunk_definitions":[{"row":12,"row_count":1,"visible":true,"expansion_state":0,"options":{"engine":"r","label":"setup","include":false,"dev":"png"},"document_id":"C11F7CBB","chunk_id":"csetup_chunk","chunk_label":"setup"},{"row":35,"row_count":1,"visible":true,"expansion_state":0,"options":{"engine":"r","label":"load-data","dev":"png"},"document_id":"C11F7CBB","chunk_id":"cnyv6j59poi1c","chunk_label":"load-data"},{"row":44,"row_count":1,"visible":true,"expansion_state":0,"options":{"engine":"r","label":"summary-stats","dev":"png"},"document_id":"C11F7CBB","chunk_id":"ci6wzh5em4140","chunk_label":"summary-stats"},{"row":53,"row_count":1,"visible":true,"expansion_state":0,"options":{"engine":"r","label":"histograms","dev":"png"},"document_id":"C11F7CBB","chunk_id":"cbza7anp3ughi","chunk_label":"histograms"},{"row":61,"row_count":1,"visible":true,"expansion_state":0,"options":{"engine":"r","label":"boxplots","dev":"png"},"document_id":"C11F7CBB","chunk_id":"cttsmlzzgnpwg","chunk_label":"boxplots"},{"row":82,"row_count":1,"visible":true,"expansion_state":0,"options":{"engine":"r","label":"scatterplots","dev":"png"},"document_id":"C11F7CBB","chunk_id":"cms50ysblwaya","chunk_label":"scatterplots"},{"row":91,"row_count":1,"visible":true,"expansion_state":0,"options":{"engine":"r","label":"regression","dev":"png"},"document_id":"C11F7CBB","chunk_id":"cvk9dpjswgsh2","chunk_label":"regression"},{"row":107,"row_count":1,"visible":true,"expansion_state":0,"options":{"engine":"r","label":"assumptions","dev":"png"},"document_id":"C11F7CBB","chunk_id":"c1dz9x435es1o","chunk_label":"assumptions"}],"doc_write_time":1742576853,"working_dir":null,"default_chunk_options":{"echo":true,"warning":false,"message":false},"chunk_rendered_width":496}