{"chunk_definitions":[{"row":12,"row_count":1,"visible":true,"expansion_state":0,"options":{"engine":"r","label":"setup","include":false,"dev":"png"},"document_id":"681963AE","chunk_id":"csetup_chunk","chunk_label":"setup"},{"row":30,"row_count":1,"visible":true,"expansion_state":0,"options":{"engine":"r","label":"load-data","dev":"png"},"document_id":"681963AE","chunk_id":"c0jp4o5tax8bo","chunk_label":"load-data"},{"row":41,"row_count":1,"visible":true,"expansion_state":0,"options":{"engine":"r","label":"visualize","dev":"png"},"document_id":"681963AE","chunk_id":"c40fgikpp03zs","chunk_label":"visualize"},{"row":48,"row_count":1,"visible":true,"expansion_state":0,"options":{"engine":"r","label":"regression","dev":"png"},"document_id":"681963AE","chunk_id":"cs6xv4zgtel3p","chunk_label":"regression"},{"row":58,"row_count":1,"visible":true,"expansion_state":0,"options":{"engine":"r","label":"assumptions","dev":"png"},"document_id":"681963AE","chunk_id":"c48fbgsbdctj4","chunk_label":"assumptions"}],"doc_write_time":1742457009,"working_dir":null,"default_chunk_options":{"echo":true},"chunk_rendered_width":400}